response_id,date,age_group,gender,product_purchased,overall_satisfaction,product_quality,customer_service,value_for_money,likelihood_to_recommend,free_comment
1,2025-03-15,30代,女性,ワイヤレスイヤホン,5,5,4,4,5,音質が素晴らしく通勤で毎日使っています
2,2025-03-16,40代,男性,エルゴノミクスチェア,4,5,3,3,4,品質は良いが価格がやや高い
3,2025-03-18,20代,女性,モバイルバッテリー,5,4,5,5,5,コンパクトで持ち運びやすい
4,2025-03-20,50代,男性,デスクライト,3,4,2,3,3,商品は良いがカスタマーサポートの対応が遅い
5,2025-03-22,30代,男性,USBハブ,4,4,4,5,4,コスパが良く満足
6,2025-03-25,40代,女性,ワイヤレスイヤホン,5,5,5,4,5,ノイズキャンセリングが特に優秀
7,2025-03-28,20代,男性,モバイルバッテリー,4,4,4,4,4,特に不満なし
8,2025-04-01,60代,男性,モニターアーム,5,5,4,4,5,設置が簡単で安定感がある
9,2025-04-03,30代,女性,デスクライト,4,4,3,4,4,デザインが良い
10,2025-04-05,40代,男性,エルゴノミクスチェア,5,5,4,3,5,腰痛が改善した
11,2025-04-08,20代,女性,ワイヤレスイヤホン,3,3,4,3,3,バッテリーの持ちがもう少し欲しい
12,2025-04-10,50代,女性,モニターアーム,4,5,3,4,4,説明書がもう少し分かりやすいと良い
13,2025-04-12,30代,男性,USBハブ,5,5,5,5,5,ポート数が十分で安定して使える
14,2025-04-15,40代,女性,モバイルバッテリー,4,4,4,5,4,急速充電対応が便利
15,2025-04-18,20代,男性,デスクライト,4,4,4,4,4,調光機能が便利
16,2025-04-20,30代,女性,エルゴノミクスチェア,4,5,3,2,4,品質は最高だが価格がネック
17,2025-04-22,50代,男性,ワイヤレスイヤホン,5,5,4,4,5,会議でも使えるマイク品質
18,2025-04-25,40代,男性,モニターアーム,3,3,2,3,2,取り付けに時間がかかりサポートも不十分
19,2025-04-28,20代,女性,USBハブ,4,4,5,5,4,対応が丁寧で安心
20,2025-05-01,30代,男性,モバイルバッテリー,5,5,4,5,5,デザインと性能のバランスが完璧
21,2025-05-03,60代,女性,デスクライト,4,4,3,4,4,目に優しい光で長時間作業も楽
22,2025-05-05,40代,男性,ワイヤレスイヤホン,4,4,4,3,4,装着感は良いが価格相応
23,2025-05-08,20代,男性,エルゴノミクスチェア,5,5,5,4,5,在宅ワークに最適
24,2025-05-10,50代,女性,モニターアーム,5,5,4,5,5,省スペースになり机が広く使える
25,2025-05-12,30代,女性,USBハブ,3,3,3,4,3,可もなく不可もなく
26,2025-05-15,40代,男性,モバイルバッテリー,4,4,4,4,4,軽量で旅行に便利
27,2025-05-18,20代,女性,デスクライト,5,5,5,5,5,プレゼントで購入。大変喜ばれた
28,2025-05-20,30代,男性,ワイヤレスイヤホン,4,5,3,4,4,音質は最高だがアプリが使いにくい
29,2025-05-22,50代,男性,エルゴノミクスチェア,4,4,4,3,4,もう少し軽いと移動しやすい
30,2025-05-25,40代,女性,モニターアーム,4,4,4,4,4,安定感があり安心
31,2025-05-28,20代,男性,USBハブ,5,5,4,5,5,接続が安定していて仕事に欠かせない
32,2025-06-01,30代,女性,モバイルバッテリー,3,3,4,3,3,容量表示と実際の差が気になる
33,2025-06-03,60代,男性,デスクライト,5,5,5,5,5,読書灯として最高
34,2025-06-05,40代,男性,ワイヤレスイヤホン,5,5,4,5,5,二台目の購入。相変わらず素晴らしい
35,2025-06-08,20代,女性,エルゴノミクスチェア,4,4,3,3,4,デザインが好みだが組み立てが大変
36,2025-06-10,50代,女性,モニターアーム,2,3,1,2,1,初期不良で交換対応も遅かった
37,2025-06-12,30代,男性,USBハブ,4,4,4,4,4,Type-C対応で使いやすい
38,2025-06-15,40代,女性,モバイルバッテリー,4,4,5,4,4,カスタマーサービスの対応が素晴らしい
39,2025-06-18,20代,男性,デスクライト,4,4,4,4,4,ミニマルなデザインが部屋に合う
40,2025-06-20,30代,女性,ワイヤレスイヤホン,5,5,4,4,5,運動中でも外れない装着感が良い
41,2025-06-22,50代,男性,エルゴノミクスチェア,5,5,5,4,5,長時間座っても疲れにくい
42,2025-06-25,40代,男性,モニターアーム,4,4,3,4,4,デュアルモニターで使用中。安定
43,2025-06-28,20代,女性,USBハブ,4,4,4,5,4,価格が手頃で助かる
44,2025-07-01,30代,男性,モバイルバッテリー,5,5,4,5,5,ワイヤレス充電対応が決め手
45,2025-07-03,60代,女性,デスクライト,3,4,2,3,3,リモコンの反応がたまに悪い
46,2025-07-05,40代,男性,ワイヤレスイヤホン,4,4,4,4,4,毎日の通勤の必需品
47,2025-07-08,20代,女性,エルゴノミクスチェア,4,5,4,3,4,座り心地は最高。価格が学生には厳しい
48,2025-07-10,50代,男性,モニターアーム,5,5,4,4,5,机の上が劇的にすっきりした
49,2025-07-12,30代,女性,USBハブ,5,5,5,5,5,仕事効率が上がった
50,2025-07-15,40代,男性,モバイルバッテリー,4,4,3,4,4,もう少し充電速度が速いと嬉しい
